Type,Mean_Centroid,Std_Centroid
Real,1388.4166771164068,630.1031680802946
Fake,564.9420598902177,288.3980031368967
